<?xml version="1.0" encoding="UTF-8"?>
<configuration>
	<property scope="context" name="index" value="%PROJECT_NAME__path%" />

	<property name="PROJ_JAVA_ENV" value="${spring.profiles.active}"/>
	<property name="PROJ_SYS_ENV" value="${PROJ_ENV}"/>
	<shutdownHook class="ch.qos.logback.core.hook.DelayingShutdownHook"/>

    <appender name="STDOUT" class="ch.qos.logback.core.ConsoleAppender">
        <encoder>
            <pattern>%d{HH:mm:ss.SSS} %-5level [%thread] [%logger{36}] - %msg%n</pattern>
            <charset>UTF-8</charset>
        </encoder>
    </appender>

    <if condition='property("PROJ_JAVA_ENV").contains("PROD")||property("PROJ_SYS_ENV").contains("PROD")||property("PROJ_JAVA_ENV").contains("prod")'>
        <then>
            <logger name="%ROOT_PACKAGE__pack%" level="DEBUG"/>
            <root level="WARN">
                <appender-ref ref="STDOUT"/>
            </root>
        </then>
        <else>
            <logger name="%ROOT_PACKAGE__pack%" level="DEBUG"/>
            <root level="INFO">
                <appender-ref ref="STDOUT"/>
            </root>
        </else>
    </if>
</configuration>
