{
  "id": "/%PROJECT_NAME__path%",
  "cmd": null,
  "args": null,
  "user": null,
  "env": {
    "JAVA_OPTS": "-Dspring.profiles.active=production -Xmx3G -Dnetworkaddress.cache.ttl=60 -Dnetworkaddress.cache.negative.ttl=10 -XX:+UseG1GC -XX:-UseGCOverheadLimit -XX:MaxGCPauseMillis=5000 -XX:+UseCompressedOops -XX:CompileThreshold=500 -XX:+AggressiveOpts -XX:+UseFastAccessorMethods -XX:+OptimizeStringConcat"
  },
  "instances": 1,
  "cpus": 2,
  "mem": 4096,
  "disk": 0,
  "gpus": 0,
  "executor": null,
  "constraints": null,
  "fetch": [
    {
      "uri": "file:///home/user/docker.tar.gz"
    }
  ],
  "storeUrls": null,
  "backoffSeconds": 1,
  "backoffFactor": 1.15,
  "maxLaunchDelaySeconds": 3600,
  "container": {
    "docker": {
      "image": "%DOCKER_REGISTRY_DOMAIN%/%PROJECT_NAME__path%",
      "forcePullImage": false,
      "privileged": false,
      "portMappings": [
        {
          "containerPort": 10045,
          "protocol": "tcp",
          "servicePort": 10045
        }
      ],
      "network": "BRIDGE"
    }
  },
  "healthChecks": [
    {
      "protocol": "HTTP",
      "path": "/health",
      "gracePeriodSeconds": 120,
      "intervalSeconds": 2,
      "timeoutSeconds": 10,
      "maxConsecutiveFailures": 10,
      "ignoreHttp1xx": false
    }
  ],
  "readinessChecks": null,
  "dependencies": null,
  "upgradeStrategy": {
    "minimumHealthCapacity": 0,
    "maximumOverCapacity": 1
  },
  "labels": {
    "HAPROXY_GROUP": "internal",
    "HAPROXY_0_BACKEND_HEAD": "backend {backend}\n  balance {balance}\n  mode {mode}\n  timeout server 6m\n  timeout client 6m\n"
  },
  "acceptedResourceRoles": null,
  "residency": null,
  "secrets": null,
  "taskKillGracePeriodSeconds": null,
  "portDefinitions": [
    {
      "port": 10045,
      "protocol": "tcp",
      "labels": {}
    }
  ],
  "requirePorts": false
}
